"","S","MLS #","Street Address","Price","DOM","Beds Total","Bths","Sq Ft Total","Lot Size","Postal City","Property Sub Type","Age"
"1","A","ML81534939","2068 Biarritz Place","$6,400,000","116","5","5|2","8,451","1.09 Acres","San Jose","Res. Single Family","13"
"1","S","ML81518349","5471 Country Club Parkway","$4,500,000","0","6","6|1","6,761","17,724 SqFt","San Jose","Res. Single Family","20"
"1","S","ML81566530","5735 La Seyne Place","$3,975,000","0","5","5|1","6,600","16,750 SqFt","San Jose","Res. Single Family","19"
"1","A","ML81521846","5500 Morningside Drive","$3,550,000","152","4","4|1","5,731","16,806 SqFt","San Jose","Res. Single Family","15"
"1","A","ML81577685","1650 The Alameda","$3,500,000","7","7","3|0","6,000","16,988 SqFt","San Jose","Res. Single Family","106"
"1","A","ML81519552","6793 Elwood Road","$3,425,000","169","5","5|1","5,238","20,000 SqFt","San Jose","Res. Single Family","50"
"1","A","ML81549887","1691 Marseilles Court","$3,299,000","57","5","4|1","6,487","16,065 SqFt","San Jose","Res. Single Family","9"
"1","A","ML81577136","2333 Dry Creek Road","$3,295,000","9","4","4|1","4,069","31,202 SqFt","San Jose","Res. Single Family","40"
"1","A","ML81562935","7121 Echo Loop","$3,200,000","36","4","5|1","4,490","21,344 SqFt","San Jose","Res. Single Family","10"
"1","P","ML81562786","1811 Dry Creek Road","$3,195,000","7","5","4|1","4,570","24,092 SqFt","San Jose","Res. Single Family","0"
"1","A","ML81550973","1528 Padres Drive","$2,998,000","50","5","3|0","4,459","12,402 SqFt","San Jose","Res. Single Family","27"
"1","A","ML81561213","5662 Country Club Parkway","$2,988,888","48","4","4|1","5,000","15,002 SqFt","San Jose","Res. Single Family","20"
"1","P","ML81550644","819 Morse Street","$2,895,000","157","5","4|1","3,828","12,687 SqFt","San Jose","Res. Single Family","79"
"1","A","ML81548604","15826 Rica Vista Way","$2,889,900","70","5","5|1","6,541","1.34 Acres","San Jose","Res. Single Family","8"
"1","A","ML81563144","12340 NE Clayton Road","$2,888,950","35","4","3|1","4,000","39.13 Acres","San Jose","Res. Single Family","31"
"1","A","ML81578075","6755 Graystone Lane","$2,888,000","5","6","4|2","4,727","41,818 SqFt","San Jose","Res. Single Family","3"
"1","P","ML81546788","6322 Tucker Drive","$2,860,000","56","4","4|1","3,970","8,824 SqFt","San Jose","Res. Single Family","0"
"1","A","ML81578071","1032 Avondale Street","$2,858,888","5","5","4|1","4,435","10,877 SqFt","San Jose","Res. Single Family","10"
"1","S","ML81549033","7295 Via Brezzo","$2,750,000","30","6","7|2","5,866","3.17 Acres","San Jose","Res. Single Family","24"
"1","A","ML81519222","19960 Almaden Road","$2,695,000","173","2","1|0","1,200","16.00 Acres","San Jose","Res. Single Family","35"
"1","A","ML81548671","4602 Hill Top View Lane","$2,695,000","69","5","4|1","4,639","10,594 SqFt","San Jose","Res. Single Family","13"
"1","S","ML81548190","2185 Eagle Hills Court","$2,680,000","16","5","5|1","4,486","38,921 SqFt","San Jose","Res. Single Family","17"
"1","A","ML81562079","1090 Prouty Way","$2,680,000","42","5","4|1","3,238","7,314 SqFt","San Jose","Res. Single Family","0"
"1","AC","ML81563265","5130 Eastbourne Drive","$2,650,000","19","4","5|1","4,500","19,230 SqFt","San Jose","Res. Single Family","17"
"1","A","ML81566526","1076 MICHIGAN Avenue","$2,649,000","14","4","3|1","3,600","7,950 SqFt","San Jose","Res. Single Family","94"
"1","A","ML81551043","1570 Keesling Avenue","$2,599,950","49","5","5|0","4,000","9,180 SqFt","San Jose","Res. Single Family","0"
"1","AC","ML81565974","2130 Booksin Avenue","$2,599,000","17","5","4|1","4,006","9,152 SqFt","San Jose","Res. Single Family","0"
"1","A","ML81577619","1066 Laurie Avenue","$2,599,000","7","4","2|1","3,508","9,178 SqFt","San Jose","Res. Single Family","13"
"1","A","ML81566135","5796 Country Club Parkway","$2,569,000","18","4","4|1","5,138","20,730 SqFt","San Jose","Res. Single Family","17"
"1","AC","ML81551064","20211 Via Santa Teresa","$2,498,000","17","5","3|1","4,413","2.20 Acres","San Jose","Res. Single Family","53"
"1","AC","ML81550180","1257 Cherry Avenue","$2,488,000","47","4","4|0","2,917","6,778 SqFt","San Jose","Res. Single Family","3"
"1","A","ML81564010","1038 Johnson Avenue","$2,488,000","30","4","3|1","2,911","6,660 SqFt","San Jose","Res. Single Family","9"
"1","S","ML81520153","2137 Hillstone Drive","$2,455,000","23","5","5|1","5,000","1.12 Acres","San Jose","Res. Single Family","19"
"1","P","ML81521333","20765 Monte Sunset Drive","$2,450,000","22","5","3|3","5,800","2.94 Acres","San Jose","Res. Single Family","36"
"1","P","ML81561363","3650 Pleasant Knoll Court","$2,420,000","11","6","7|1","8,449","11.06 Acres","San Jose","Res. Single Family","14"
"1","A","ML81548148","4979 Gardenside Place","$2,400,000","73","5","4|1","4,172","17,619 SqFt","San Jose","Res. Single Family","13"
"1","S","ML81548771","1808 Patio Drive","$2,400,000","17","5","5|1","4,400","10,250 SqFt","San Jose","Res. Single Family","0"
"1","A","ML81578036","745 Chapman Street","$2,400,000","5","4","3|0","3,886","9,226 SqFt","San Jose","Res. Single Family","24"
"1","S","ML81547846","1195 Coolidge Avenue","$2,395,000","6","4","3|0","3,297","6,450 SqFt","San Jose","Res. Single Family","13"
"1","S","ML81546296","1634 Laurelwood Drive","$2,385,000","5","4","2|1","3,009","10,354 SqFt","San Jose","Res. Single Family","61"
"1","AC","ML81550847","5702 W Walbrook Drive","$2,348,000","46","4","3|0","2,402","7,074 SqFt","San Jose","Res. Single Family","11"
"1","P","ML81563853","310 Tillman Avenue","$2,300,000","7","5","2|1","5,466","15,678 SqFt","San Jose","Res. Single Family","103"
"1","A","ML81561915","1063 Woodview Place","$2,299,950","43","5","3|1","4,181","40,001 SqFt","San Jose","Res. Single Family","36"
"1","A","ML81577241","1738 Dry Creek Road","$2,299,950","9","5","3|0","3,099","8,200 SqFt","San Jose","Res. Single Family","15"
"1","P","ML81549710","983 Terra Bella Avenue","$2,295,000","33","4","3|1","3,720","8,225 SqFt","San Jose","Res. Single Family","1"
"1","A","ML81565013","5591 Country Club Parkway","$2,269,000","25","3","4|1","4,023","13,377 SqFt","San Jose","Res. Single Family","15"
"1","A","ML81564436","764 Morse Street","$2,249,888","28","5","4|0","3,194","7,475 SqFt","San Jose","Res. Single Family","6"
"1","S","ML81562541","7137 Echo Loop","$2,219,000","7","6","3|1","3,988","17,215 SqFt","San Jose","Res. Single Family","45"
"1","S","ML81522423","1881 Dry Creek Road","$2,200,000","7","4","3|0","3,374","33,977 SqFt","San Jose","Res. Single Family","52"
"1","S","ML81549503","7071 Wooded Lake Drive","$2,200,000","0","5","4|0","3,883","22,986 SqFt","San Jose","Res. Single Family","40"
"1","S","ML81565897","2188 Bello Avenue","$2,200,000","0","5","5|1","3,700","8,260 SqFt","San Jose","Res. Single Family","0"
"1","A","ML81548450","14551 Bercaw","$2,199,000","36","5","4|1","3,900","17,400 SqFt","San Jose","Res. Single Family","0"
"1","P","ML81565570","14667 Berry Way","$2,198,000","15","5","5|0","3,750","9,875 SqFt","San Jose","Res. Single Family","0"
"1","P","ML81566494","1323 Payette Court","$2,198,000","9","6","5|0","3,831","10,799 SqFt","San Jose","Res. Single Family","56"
"1","S","ML81535053","2360 Richland Avenue","$2,175,000","0","4","3|0","3,000","9,148 SqFt","San Jose","Res. Single Family","0"
"1","S","ML81546179","2950 Lantz Avenue","$2,161,000","1","5","4|1","3,980","12,600 SqFt","San Jose","Res. Single Family","0"
"1","S","ML81550175","1365 Emory","$2,159,000","0","4","4|1","3,500","10,122 SqFt","San Jose","Res. Single Family","11"
"1","AC","ML81546685","4138 Cortona Court","$2,150,000","78","5","4|1","4,779","16,553 SqFt","San Jose","Res. Single Family","11"
"1","A","ML81549332","1196 Delmas Avenue","$2,149,000","42","5","5|0","3,249","10,951 SqFt","San Jose","Res. Single Family","0"
"1","S","ML81550264","6961 Glenview Drive","$2,100,888","7","4","4|0","4,134","10,154 SqFt","San Jose","Res. Single Family","10"
"1","S","ML81520739","2956 Lantz Avenue","$2,100,000","16","5","4|1","3,963","12,259 SqFt","San Jose","Res. Single Family","0"
"1","S","ML81533652","461 Fenley Avenue","$2,100,000","25","5","3|1","3,700","9,300 SqFt","San Jose","Res. Single Family","0"
"1","S","ML81548767","2809 Gardendale Drive","$2,100,000","25","5","5|1","4,005","9,258 SqFt","San Jose","Res. Single Family","0"
"1","S","ML81550765","1555 Santa Maria Avenue","$2,100,000","0","5","4|1","2,333","6,882 SqFt","San Jose","Res. Single Family","68"
"1","A","ML81577468","18515 Annie Lane","$2,100,000","8","4","2|0","3,044","36,600 SqFt","San Jose","Res. Single Family","35"
"1","S","ML81548749","14571 Nelson Way","$2,080,000","1","5","5|0","3,700","10,372 SqFt","San Jose","Res. Single Family","1"
"1","S","ML81522927","1012 White Oak Drive","$2,060,000","63","3","2|1","2,175","8,980 SqFt","San Jose","Res. Single Family","52"
"1","S","ML81535143","17001 Crothers Road","$2,045,000","33","5","4|1","4,658","1.50 Acres","San Jose","Res. Single Family","27"
"1","S","ML81562060","2499 Westgate Avenue","$2,025,000","8","3","3|0","2,182","11,115 SqFt","San Jose","Res. Single Family","63"
"1","S","ML81534207","1777 Johnston Avenue","$2,000,000","14","4","3|1","2,708","6,035 SqFt","San Jose","Res. Single Family","0"
"1","A","ML81565474","19781 Graystone Lane","$2,000,000","21","4","6|0","6,000","1.00 Acres","San Jose","Res. Single Family","50"
"1","A","ML81546679","2117 Ashley Ridge Court","$1,999,998","85","5","4|0","4,079","18,000 SqFt","San Jose","Res. Single Family","18"
"1","S","ML81550485","1163 Cherry Avenue","$1,999,975","21","6","3|1","4,189","7,026 SqFt","San Jose","Res. Single Family","69"
"1","A","ML81562602","1845 University Way","$1,995,000","40","5","4|0","3,300","7,079 SqFt","San Jose","Res. Single Family","66"
"1","A","ML81578653","6633 Broadacres Drive","$1,995,000","1","5","4|0","4,127","7,405 SqFt","San Jose","Res. Single Family","9"
"1","A","ML81564681","686 Margaret Street","$1,987,654","27","6","4|1","4,067","25,901 SqFt","San Jose","Res. Single Family","86"
"1","A","ML81577718","898 Nevada Avenue","$1,980,000","5","4","3|0","2,385","5,262 SqFt","San Jose","Res. Single Family","0"
"1","S","ML81547703","6883 Goldpine Court","$1,975,000","29","4","3|1","3,624","10,999 SqFt","San Jose","Res. Single Family","48"
"1","A","ML81548074","7012 Livery Lane","$1,960,315","75","4","4|1","4,125","16,579 SqFt","San Jose","Res. Single Family","0"
"1","A","ML81549978","1188 Clark Street","$1,950,000","88","5","4|1","3,446","9,100 SqFt","San Jose","Res. Single Family","2"
"1","A","ML81578094","1235 Koch Lane","$1,950,000","5","4","3|1","3,236","10,115 SqFt","San Jose","Res. Single Family","20"
"1","A","ML81577982","2128 Bridle Ridge Court","$1,929,000","6","5","3|1","4,186","18,731 SqFt","San Jose","Res. Single Family","20"
"1","S","ML81522785","2133 Hillstone Drive","$1,925,000","53","4","3|0","3,000","1.18 Acres","San Jose","Res. Single Family","19"
"1","A","ML81564500","4003 Higuera Highland Lane","$1,925,000","28","6","4|0","3,952","3.95 Acres","San Jose","Res. Single Family","38"
"1","S","ML81518791","1082 Huntingdon Drive","$1,900,000","8","3","2|0","1,834","6,604 SqFt","San Jose","Res. Single Family","57"
"1","S","ML81535116","1105 Sterling Gate Drive","$1,900,000","7","5","4|0","3,643","10,498 SqFt","San Jose","Res. Single Family","23"
"1","S","ML81546205","2207 Cirelli Drive","$1,900,000","27","5","4|1","4,250","21,344 SqFt","San Jose","Res. Single Family","3"
"1","P","ML81563714","1284 Norval Way","$1,900,000","57","5","3|2","3,200","8,350 SqFt","San Jose","Res. Single Family","0"
"1","S","ML81565460","1486 Hicks","$1,900,000","2","4","2|1","3,100","11,550 SqFt","San Jose","Res. Single Family","10"
"1","P","ML81548507","892 El Rio Drive","$1,899,000","37","5","3|1","3,300","11,993 SqFt","San Jose","Res. Single Family","0"
"1","A","ML81565910","1386 Hillcrest Drive","$1,899,000","19","4","2|0","2,363","14,000 SqFt","San Jose","Res. Single Family","45"
"1","A","ML81578508","1101 Carla Drive","$1,898,000","2","2","2|1","2,240","8,046 SqFt","San Jose","Res. Single Family","43"
"1","A","ML81549085","1167 Fremont Street","$1,893,000","65","3","2|1","3,140","8,058 SqFt","San Jose","Res. Single Family","92"
"1","A","ML81561443","2103 Coastland Avenue","$1,888,878","47","5","4|1","3,100","6,813 SqFt","San Jose","Res. Single Family","66"
"1","A","ML81534983","6888 Goldpine Court","$1,888,000","61","4","4|0","3,490","20,086 SqFt","San Jose","Res. Single Family","47"
"1","A","ML81566529","1058 Oaktree Drive","$1,880,000","14","6","2|1","2,200","5,663 SqFt","San Jose","Res. Single Family","52"
"1","A","ML81577860","6853 Tunbridge Way","$1,879,900","6","5","3|0","2,793","8,050 SqFt","San Jose","Res. Single Family","44"
"1","S","ML81534153","580 Shadow Glen","$1,878,560","54","5","4|0","3,076","7,140 SqFt","San Jose","Res. Single Family","54"
"1","S","ML81545317","1078 Carolyn Avenue","$1,875,000","0","3","2|1","2,200","7,148 SqFt","San Jose","Res. Single Family","79"
"1","S","ML81546819","2360 Shibley Avenue","$1,875,000","22","4","3|1","3,000","7,965 SqFt","San Jose","Res. Single Family","1"
"1","S","ML81533275","14690 Wyrick Avenue","$1,870,000","0","4","4|0","2,725","20,038 SqFt","San Jose","Res. Single Family","66"
"1","S","ML81533989","1080 Wunderlich Drive","$1,870,000","15","5","2|1","2,112","6,005 SqFt","San Jose","Res. Single Family","50"
"1","S","ML81521704","2273 Bentley Ridge Drive","$1,850,000","16","5","3|0","2,999","15,027 SqFt","San Jose","Res. Single Family","17"
"1","S","ML81549832","1152 Littleoak Circle","$1,850,000","24","4","3|0","2,581","6,181 SqFt","San Jose","Res. Single Family","49"
"1","A","ML81551025","1144 Delynn Way","$1,849,000","49","4","3|1","2,883","10,385 SqFt","San Jose","Res. Single Family","64"
"1","P","ML81551116","5849 Gleneagles Circle","$1,849,000","43","4","4|1","3,809","11,748 SqFt","San Jose","Res. Single Family","18"
"1","S","ML81549659","1171 Copper Peak Lane","$1,835,000","10","5","3|0","3,422","7,700 SqFt","San Jose","Res. Single Family","30"
"1","S","ML81551057","6029 Wellfleet Way","$1,835,000","9","5","3|0","2,492","6,721 SqFt","San Jose","Res. Single Family","55"
"1","S","ML81561908","2837 Lantz Avenue","$1,820,000","13","4","3|1","2,750","12,301 SqFt","San Jose","Res. Single Family","68"
"1","S","ML81518985","1151 Fairford Way","$1,816,000","14","4","3|0","2,132","6,227 SqFt","San Jose","Res. Single Family","52"
"1","S","ML81519659","1009 Olmo Court","$1,800,000","10","5","3|0","2,082","6,164 SqFt","San Jose","Res. Single Family","48"
"1","S","ML81520653","5430 Arezzo Drive","$1,800,000","0","3","3|1","2,920","11,035 SqFt","San Jose","Res. Single Family","19"
"1","S","ML81534632","1723 Dolores Drive","$1,800,000","31","4","2|1","2,300","9,656 SqFt","San Jose","Res. Single Family","63"
"1","A","ML81563233","1693 Danromas Way","$1,799,800","35","3","3|0","1,812","6,957 SqFt","San Jose","Res. Single Family","47"
"1","S","ML81521791","1198 Roycott Way","$1,799,000","0","5","2|0","2,578","11,868 SqFt","San Jose","Res. Single Family","74"
"1","AC","ML81564076","356 Cypress Avenue","$1,799,000","3","3","1|0","989","10,001 SqFt","San Jose","Res. Single Family","66"
"1","A","ML81564202","5200 Birkdale Way","$1,799,000","29","4","3|1","3,599","6,000 SqFt","San Jose","Res. Single Family","23"
"1","A","ML81578505","16000 Miradero Avenue","$1,799,000","2","4","4|0","3,612","37,697 SqFt","San Jose","Res. Single Family","28"
"1","A","ML81564671","5967 Gleneagles Circle","$1,798,000","8","5","4|1","4,073","9,592 SqFt","San Jose","Res. Single Family","18"
"1","AC","ML81565457","2015 Cirone Way","$1,798,000","12","5","4|1","3,370","8,092 SqFt","San Jose","Res. Single Family","55"
"1","S","ML81546587","1016 Olmo Court","$1,795,000","10","4","2|0","1,740","6,020 SqFt","San Jose","Res. Single Family","50"
"1","A","ML81549851","5696 Poglia Court","$1,788,000","57","4","3|1","3,429","6,599 SqFt","San Jose","Res. Single Family","20"
"1","S","ML81548587","1145 Malibu Drive","$1,780,000","14","4","4|0","2,409","6,830 SqFt","San Jose","Res. Single Family","59"
"1","A","ML81562477","1703 Mountaire Lane","$1,780,000","40","4","3|1","3,927","10,973 SqFt","San Jose","Res. Single Family","12"
"1","S","ML81550959","1548 Iris Court","$1,751,000","11","4","3|0","2,393","6,721 SqFt","San Jose","Res. Single Family","50"
"1","S","ML81520303","1037 Broadway Avenue","$1,750,000","9","4","3|0","2,578","6,498 SqFt","San Jose","Res. Single Family","6"
"1","S","ML81520511","5045 Englewood Drive","$1,750,000","12","5","3|0","3,261","10,712 SqFt","San Jose","Res. Single Family","56"
"1","P","ML81563239","1008 Riverside Drive","$1,750,000","6","4","3|1","2,632","6,224 SqFt","San Jose","Res. Single Family","6"
"1","A","ML81578480","1197 Norval Way","$1,750,000","2","5","2|1","2,815","12,497 SqFt","San Jose","Res. Single Family","80"
"1","A","ML81578585","1301 Weaver Drive","$1,750,000","1","4","2|1","2,379","16,841 SqFt","San Jose","Res. Single Family","67"
"1","AC","ML81564558","7055 Morecambe Drive","$1,749,900","8","4","2|1","2,924","15,660 SqFt","San Jose","Res. Single Family","36"
"1","P","ML81549899","995 Hampswood Way","$1,738,000","52","4","3|0","3,328","8,468 SqFt","San Jose","Res. Single Family","26"
"1","S","ML81547790","5854 W Walbrook Drive","$1,730,000","8","7","3|0","2,442","6,534 SqFt","San Jose","Res. Single Family","52"
"1","S","ML81519845","5971 Countess Drive","$1,725,000","9","4","2|1","1,519","6,046 SqFt","San Jose","Res. Single Family","50"
"1","AC","ML81548093","1086 Valentine Court","$1,725,000","45","4","2|1","3,070","6,713 SqFt","San Jose","Res. Single Family","0"
"1","A","ML81564082","1078 Valentine Court","$1,725,000","30","4","2|1","3,070","6,328 SqFt","San Jose","Res. Single Family","0"
"1","S","ML81550413","5564 Perugia Circle","$1,712,000","6","4","3|1","3,370","15,682 SqFt","San Jose","Res. Single Family","19"
"1","S","ML81468629","5807 Avigon Court","$1,707,750","0","4","3|1","2,981","19,179 SqFt","San Jose","Res. Single Family","17"
"1","S","ML81549321","2132 Terrena Valley Drive","$1,700,000","22","4","3|1","3,636","18,295 SqFt","San Jose","Res. Single Family","17"
"1","S","ML81549672","1712 Husted Avenue","$1,700,000","20","4","2|1","2,800","9,875 SqFt","San Jose","Res. Single Family","54"
"1","A","ML81563491","1397 Mckendrie Street","$1,699,950","34","5","3|0","3,000","5,001 SqFt","San Jose","Res. Single Family","116"
"1","A","ML81565252","2361 Walden Square","$1,699,900","41","5","3|0","2,566","11,326 SqFt","San Jose","Res. Single Family","48"
"1","A","ML81533260","2069 University Avenue","$1,699,000","138","4","4|0","3,526","10,000 SqFt","San Jose","Res. Single Family","58"
"1","P","ML81562270","3838 Carrera Court","$1,699,000","9","6","4|1","4,617","17,432 SqFt","San Jose","Res. Single Family","11"
"1","A","ML81566605","3007 Bellworth Court","$1,698,888","14","6","4|1","3,705","8,120 SqFt","San Jose","Res. Single Family","14"
"1","AC","ML81565293","6151 Prospect Road","$1,698,000","18","3","2|1","1,812","7,318 SqFt","San Jose","Res. Single Family","46"
"1","A","ML81565980","5573 Morningside Drive","$1,698,000","19","4","3|1","3,107","10,994 SqFt","San Jose","Res. Single Family","20"
"1","AC","ML81566510","6637 Edgemoor Way","$1,698,000","11","4","3|0","1,763","7,552 SqFt","San Jose","Res. Single Family","59"
"1","S","ML81519185","1231 Bird Avenue","$1,695,000","94","4","3|1","3,198","12,541 SqFt","San Jose","Res. Single Family","0"
"1","A","ML81550072","3868 Suncrest Avenue","$1,695,000","56","5","4|0","4,518","14,810 SqFt","San Jose","Res. Single Family","12"
"1","A","ML81550735","1831 Georgetta Drive","$1,695,000","40","6","3|1","3,386","9,875 SqFt","San Jose","Res. Single Family","63"
"1","P","ML81549398","1306 Buckthorne","$1,690,000","44","3","2|0","1,400","7,590 SqFt","San Jose","Res. Single Family","57"
"1","P","ML81562810","2998 Delta Road","$1,688,888","11","6","5|1","4,545","8,011 SqFt","San Jose","Res. Single Family","12"
"1","AC","ML81565840","2670 Meadowfield Lane","$1,688,888","14","5","4|0","3,493","34,135 SqFt","San Jose","Res. Single Family","17"
"1","A","ML81521796","1674 Kevin Drive","$1,688,000","152","5","4|0","2,854","7,951 SqFt","San Jose","Res. Single Family","57"
"1","S","ML81545333","1896 Montemar Way","$1,683,000","74","6","4|0","3,130","8,680 SqFt","San Jose","Res. Single Family","52"
"1","S","ML81547762","3583 Meadowlands Lane","$1,675,000","11","4","2|1","3,100","29,185 SqFt","San Jose","Res. Single Family","18"
"1","S","ML81561906","1189 Royston Court","$1,675,000","9","5","3|0","2,618","10,707 SqFt","San Jose","Res. Single Family","41"
"1","S","ML81562888","847 Raintree Drive","$1,675,000","3","4","2|0","1,766","6,000 SqFt","San Jose","Res. Single Family","50"
"1","A","ML81550816","6509 Camelia Drive","$1,674,000","47","4","2|1","2,360","13,897 SqFt","San Jose","Res. Single Family","52"
"1","AC","ML81547873","2048 Glen Una Avenue","$1,669,000","19","4","3|0","2,687","6,000 SqFt","San Jose","Res. Single Family","6"
"1","A","ML81550466","5744 Trowbridge Way","$1,669,000","48","4","4|1","3,293","9,633 SqFt","San Jose","Res. Single Family","19"
"1","S","ML81547657","2524 Gerald Way","$1,650,000","12","4","3|0","2,578","9,000 SqFt","San Jose","Res. Single Family","66"
"1","A","ML81547868","3715 Rosemar Avenue","$1,650,000","76","5","3|0","3,541","8,200 SqFt","San Jose","Res. Single Family","0"
"1","S","ML81550854","1149 Sterling Gate Drive","$1,650,000","10","5","3|0","3,068","9,860 SqFt","San Jose","Res. Single Family","25"
"1","S","ML81561884","6956 Claywood Way","$1,650,000","6","4","3|0","2,760","13,129 SqFt","San Jose","Res. Single Family","36"
"1","A","ML81563526","4981 Bridgeview Lane","$1,650,000","34","4","3|1","3,688","8,438 SqFt","San Jose","Res. Single Family","11"
"1","A","ML81577935","1468 Grace Avenue","$1,650,000","6","5","3|0","2,773","7,623 SqFt","San Jose","Res. Single Family","64"
"1","AC","ML81550796","1843 Thyme Creek","$1,649,999","36","5","4|0","2,484","3,355 SqFt","San Jose","Res. Single Family","3"
"1","P","ML81563361","1254 University Avenue","$1,649,000","7","4","2|0","2,490","10,000 SqFt","San Jose","Res. Single Family","91"
"1","A","ML81577392","1651 Via Campo Verde","$1,648,888","8","5","4|0","3,340","7,405 SqFt","San Jose","Res. Single Family","19"
"1","S","ML81518224","2728 Clover Meadow Court","$1,648,000","26","4","3|1","3,423","15,209 SqFt","San Jose","Res. Single Family","18"
"1","S","ML81546787","1631 Tiber Court","$1,645,800","15","4","4|1","3,509","8,712 SqFt","San Jose","Res. Single Family","20"
"1","S","ML81549344","1229 Glenn Avenue","$1,640,000","5","3","2|0","1,708","7,020 SqFt","San Jose","Res. Single Family","78"
"1","S","ML81550012","1468 Bing Drive","$1,635,000","9","3","2|0","1,507","7,444 SqFt","San Jose","Res. Single Family","51"
"1","S","ML81564101","2324 HERITAGE Drive","$1,631,000","0","5","3|0","2,566","8,276 SqFt","San Jose","Res. Single Family","50"
"1","S","ML81521501","14836 Donner Drive","$1,625,000","75","4","5|0","3,143","9,500 SqFt","San Jose","Res. Single Family","64"
"1","S","ML81534940","1379 Cordelia Avenue","$1,625,000","12","3","2|1","1,803","9,322 SqFt","San Jose","Res. Single Family","56"
"1","S","ML81547292","1777 Kirkmont Drive","$1,625,000","16","4","2|1","2,306","8,249 SqFt","San Jose","Res. Single Family","47"
"1","S","ML81561569","1696 Mulberry Lane","$1,625,000","17","4","3|0","2,447","10,071 SqFt","San Jose","Res. Single Family","54"
"1","S","ML81548794","1666 West Creek Drive","$1,623,000","6","4","2|1","3,089","7,344 SqFt","San Jose","Res. Single Family","51"
"1","S","ML81546735","2260 Cirelli Drive","$1,620,000","30","5","4|1","3,788","14,526 SqFt","San Jose","Res. Single Family","4"
"1","S","ML81548409","2330 Weston Drive","$1,620,000","3","4","2|1","1,925","6,000 SqFt","San Jose","Res. Single Family","55"
"1","S","ML81522623","2929 Fruitdale Avenue","$1,610,000","91","6","4|0","4,042","10,938 SqFt","San Jose","Res. Single Family","12"
"1","S","ML81518264","1138 Craig Drive","$1,600,000","9","4","2|0","1,273","6,693 SqFt","San Jose","Res. Single Family","56"
"1","S","ML81522230","7031 Golden Gate Drive","$1,600,000","93","4","2|0","1,335","9,600 SqFt","San Jose","Res. Single Family","56"
"1","S","ML81546873","14551 New Jersey Avenue","$1,600,000","9","3","3|0","2,552","17,500 SqFt","San Jose","Res. Single Family","66"
"1","S","ML81550581","5340 Eileen Drive","$1,600,000","4","3","2|1","1,835","8,276 SqFt","San Jose","Res. Single Family","54"
"1","A","ML81577843","2321 Walden Square","$1,600,000","6","3","3|0","2,678","7,301 SqFt","San Jose","Res. Single Family","49"
"1","P","ML81563191","5946 Crossmont Circle","$1,599,950","24","5","3|0","3,260","7,971 SqFt","San Jose","Res. Single Family","37"
"1","A","ML81549881","1074 Malone Road","$1,599,888","57","4","2|1","2,065","8,160 SqFt","San Jose","Res. Single Family","67"
"1","A","ML81549094","3745 Norwood Avenue","$1,599,000","64","3","2|1","1,844","2.50 Acres","San Jose","Res. Single Family","37"
"1","A","ML81550092","5251 Arno Court","$1,599,000","48","4","3|1","3,486","9,000 SqFt","San Jose","Res. Single Family","18"
"1","A","ML81566411","905 Plaza Drive","$1,599,000","15","4","2|1","2,034","7,475 SqFt","San Jose","Res. Single Family","40"
"1","A","ML81565194","1093 Beaumont Drive","$1,598,000","23","5","3|0","2,258","6,000 SqFt","San Jose","Res. Single Family","52"
"1","S","ML81550813","1576 Oak Canyon Drive","$1,595,000","0","5","3|0","2,924","7,549 SqFt","San Jose","Res. Single Family","31"
"1","P","ML81566172","3251 Pinot Blanc Way","$1,595,000","13","5","3|0","3,458","8,000 SqFt","San Jose","Res. Single Family","22"
"1","S","ML81534775","5915 Thorntree Drive","$1,590,000","0","4","3|1","3,727","9,600 SqFt","San Jose","Res. Single Family","26"
"1","S","ML81561629","6715 Elwood Road","$1,589,000","12","5","3|0","2,329","10,200 SqFt","San Jose","Res. Single Family","42"
"1","A","ML81565153","5172 Brewster Avenue","$1,588,888","70","4","4|0","2,118","6,343 SqFt","San Jose","Res. Single Family","56"
"1","S","ML81518913","5918 Exeter Court","$1,585,888","11","4","4|0","3,500","6,534 SqFt","San Jose","Res. Single Family","16"
"1","S","ML81520662","4912 Morden Drive","$1,580,000","8","4","2|1","2,028","6,008 SqFt","San Jose","Res. Single Family","56"
"1","P","ML81550014","1046 Windsor Street","$1,580,000","8","3","1|0","1,114","12,385 SqFt","San Jose","Res. Single Family","63"
"1","A","ML81576949","3251 Vintage Acres Way","$1,575,000","12","5","3|0","3,560","7,000 SqFt","San Jose","Res. Single Family","24"
"1","A","ML81577368","1664 Capitancillos Place","$1,575,000","8","5","3|0","2,924","7,000 SqFt","San Jose","Res. Single Family","31"
"1","S","ML81522941","7194 Brooktree Court","$1,562,500","15","5","3|0","3,069","10,454 SqFt","San Jose","Res. Single Family","30"
"1","S","ML81533524","1648 Cherry Avenue","$1,560,000","10","3","3|1","2,265","8,250 SqFt","San Jose","Res. Single Family","58"
"1","S","ML81548634","1614 Puerto Vallarta Drive","$1,560,000","9","4","2|1","2,348","8,050 SqFt","San Jose","Res. Single Family","48"
"1","S","ML81548857","1248 Brenton Avenue","$1,560,000","13","4","2|1","1,798","7,405 SqFt","San Jose","Res. Single Family","53"
"1","S","ML81549074","6032 Crossview Circle","$1,559,000","4","4","3|0","3,273","8,640 SqFt","San Jose","Res. Single Family","37"
"1","AC","ML81563378","4168 Pinot Gris Way","$1,558,888","31","5","3|0","3,458","8,050 SqFt","San Jose","Res. Single Family","27"
"1","A","ML81564428","3511 La Castellet Court","$1,555,000","28","5","4|1","4,098","6,098 SqFt","San Jose","Res. Single Family","11"
"1","S","ML81549909","6568 Bose Lane","$1,551,000","16","4","2|1","2,220","7,993 SqFt","San Jose","Res. Single Family","48"
"1","S","ML81519696","1238 Settle Avenue","$1,550,000","9","4","3|0","2,122","7,146 SqFt","San Jose","Res. Single Family","31"
"1","S","ML81534770","2236 Quail Bluff Lane","$1,550,000","20","4","3|0","3,382","12,419 SqFt","San Jose","Res. Single Family","17"
"1","S","ML81534798","5524 Bigoak Drive","$1,550,000","6","4","2|0","1,736","6,710 SqFt","San Jose","Res. Single Family","50"
"1","S","ML81548720","732 Swanswood Court","$1,550,000","5","4","3|0","2,760","8,250 SqFt","San Jose","Res. Single Family","36"
"1","S","ML81561528","1203 Valley Quail Circle","$1,550,000","33","4","3|0","2,621","8,400 SqFt","San Jose","Res. Single Family","30"
"1","A","ML81576930","5603 Morningside Dr","$1,550,000","12","4","3|0","2,833","6,534 SqFt","San Jose","Res. Single Family","20"
"1","A","ML81578731","1554 Pam Lane","$1,550,000","1","5","3|0","2,936","7,597 SqFt","San Jose","Res. Single Family","36"
"1","P","ML81561914","998 Eden Avenue","$1,549,900","27","4","3|0","2,804","13,503 SqFt","San Jose","Res. Single Family","28"
"1","A","ML81576800","10920 Prieta Court","$1,549,000","43","5","4|0","4,100","28,000 SqFt","San Jose","Res. Single Family","58"
"1","A","ML81564164","1447 Brookdale Drive","$1,548,000","29","4","3|0","2,001","7,754 SqFt","San Jose","Res. Single Family","61"
"1","P","ML81565986","1453 Callecita Street","$1,548,000","10","4","2|1","2,242","12,420 SqFt","San Jose","Res. Single Family","45"
"1","AC","ML81576849","5399 Ligurian Drive","$1,548,000","8","5","3|0","2,916","6,957 SqFt","San Jose","Res. Single Family","20"
"1","S","ML81546645","15221 Dickens Avenue","$1,540,000","7","4","3|0","2,490","7,989 SqFt","San Jose","Res. Single Family","62"
"1","AC","ML81577757","1188 Nikette Way","$1,540,000","3","4","3|0","2,720","16,000 SqFt","San Jose","Res. Single Family","38"
"1","S","ML81519246","2384 Walden Square","$1,525,000","19","4","3|0","2,392","7,988 SqFt","San Jose","Res. Single Family","48"
"1","S","ML81546678","974 Marlinton Court","$1,525,000","6","4","2|1","2,300","11,605 SqFt","San Jose","Res. Single Family","44"
"1","S","ML81562707","7013 Elmsdale Drive","$1,520,000","9","4","3|0","2,240","8,079 SqFt","San Jose","Res. Single Family","41"
"1","A","ML81564653","2068 Walnut Grove Avenue","$1,518,000","27","4","3|0","2,949","7,680 SqFt","San Jose","Res. Single Family","67"
"1","S","ML81521826","8052 Chardonay Court","$1,515,000","18","3","2|0","2,292","6,259 SqFt","San Jose","Res. Single Family","39"
"1","S","ML81562532","1525 Dry Creek Road","$1,511,000","11","4","3|0","2,493","9,148 SqFt","San Jose","Res. Single Family","45"
"1","S","ML81523008","4997 Gardenside Pl","$1,510,000","83","4","3|1","3,688","9,148 SqFt","San Jose","Res. Single Family","12"
"1","S","ML81549883","1933 Adele Place","$1,508,500","11","4","2|0","2,009","8,050 SqFt","San Jose","Res. Single Family","59"
"1","S","ML81518780","1097 Caggiano Court","$1,500,000","41","4","2|1","2,438","18,395 SqFt","San Jose","Res. Single Family","36"
"1","S","ML81519702","5154 Bela Drive","$1,500,000","8","3","2|0","1,745","7,405 SqFt","San Jose","Res. Single Family","57"
"1","S","ML81533485","5611 Bellagio Drive","$1,500,000","20","4","3|1","2,719","4,662 SqFt","San Jose","Res. Single Family","23"
"1","A","ML81578429","1477 Lesher Court","$1,500,000","40","5","2|1","2,404","11,874 SqFt","San Jose","Res. Single Family","52"
"1","A","ML81564587","15390 Skyview Terrace","$1,499,999","27","3","2|0","2,477","1.25 Acres","San Jose","Res. Single Family","56"
"1","A","ML81545969","44 Kirk Avenue","$1,499,950","73","3","2|0","2,273","1.00 Acres","San Jose","Res. Single Family","56"
"1","P","ML81566571","4239 Littleworth Way","$1,499,950","7","5","3|0","3,458","8,050 SqFt","San Jose","Res. Single Family","27"
"1","A","ML81577209","6595 Jeremie Drive","$1,499,800","9","4","3|0","2,580","8,102 SqFt","San Jose","Res. Single Family","49"
"1","P","ML81549315","14364 Holden Court","$1,499,000","2","4","3|0","3,059","9,375 SqFt","San Jose","Res. Single Family","64"
"1","A","ML81550235","1318 Britton Avenue","$1,499,000","55","3","2|0","1,629","7,270 SqFt","San Jose","Res. Single Family","64"
"1","P","ML81561198","4169 Orin Court","$1,499,000","23","5","3|1","3,000","7,500 SqFt","San Jose","Res. Single Family","39"
"1","A","ML81563251","3902 Aborn Road","$1,499,000","35","4","3|1","3,525","28,314 SqFt","San Jose","Res. Single Family","18"
"1","P","ML81577001","14542 Ramstad Drive","$1,499,000","1","4","3|0","2,700","5.04 Acres","San Jose","Res. Single Family","78"
"1","A","ML81577325","15034 Bel Estos Drive","$1,499,000","8","4","3|0","2,615","12,798 SqFt","San Jose","Res. Single Family","62"
"1","A","ML81519510","398 S 17th Street","$1,498,000","169","5","4|0","3,464","24,062 SqFt","San Jose","Res. Single Family","25"
"1","AC","ML81561813","14898 Rossmoyne Drive","$1,498,000","11","3","3|0","2,422","11,360 SqFt","San Jose","Res. Single Family","64"
"1","A","ML81562782","1555 Eddington Place","$1,498,000","37","3","2|0","1,453","6,000 SqFt","San Jose","Res. Single Family","42"
"1","P","ML81564430","1874 Arroyo Seco Drive","$1,498,000","9","4","2|2","3,190","9,130 SqFt","San Jose","Res. Single Family","53"
"1","A","ML81565853","3262 Vintage Oaks Court","$1,498,000","20","5","3|0","3,430","6,499 SqFt","San Jose","Res. Single Family","24"
"1","AC","ML81566476","1571 Eddington Place","$1,498,000","6","3","2|0","1,557","6,098 SqFt","San Jose","Res. Single Family","42"
"1","AC","ML81566570","1017 Corvette Drive","$1,498,000","9","4","2|1","1,284","6,534 SqFt","San Jose","Res. Single Family","58"
"1","A","ML81577372","5077 Kingston Way","$1,498,000","8","4","3|0","2,018","6,960 SqFt","San Jose","Res. Single Family","57"
"1","A","ML81578301","1024 Corvette Drive","$1,498,000","3","4","2|1","1,284","6,826 SqFt","San Jose","Res. Single Family","58"
"1","A","ML81578510","1472 Pine Grove Way","$1,498,000","2","4","2|0","1,532","6,000 SqFt","San Jose","Res. Single Family","54"
"1","S","ML81547462","6523 Trinidad Court","$1,495,000","10","4","2|1","2,600","7,696 SqFt","San Jose","Res. Single Family","48"
"1","S","ML81549484","6702 Heathfield Drive","$1,495,000","10","4","2|0","2,167","8,050 SqFt","San Jose","Res. Single Family","47"
"1","A","ML81550414","732 W Stonebridge Court","$1,495,000","55","4","3|0","2,600","4,329 SqFt","San Jose","Res. Single Family","7"
"1","S","ML81561407","1146 Minnesota Avenue","$1,495,000","10","3","3|0","3,288","4,347 SqFt","San Jose","Res. Single Family","116"
"1","A","ML81577128","1071 Belvedere Lane","$1,495,000","10","3","2|0","1,371","6,299 SqFt","San Jose","Res. Single Family","59"
"1","A","ML81577616","5978 Bollinger Road","$1,495,000","7","4","2|0","1,693","5,858 SqFt","San Jose","Res. Single Family","49"
"1","S","ML81562074","4006 Bouquet Park Lane","$1,490,000","13","5","4|0","3,338","5,998 SqFt","San Jose","Res. Single Family","18"
"1","A","ML81565959","1944 Emory Street","$1,490,000","9","4","2|0","2,108","7,645 SqFt","San Jose","Res. Single Family","77"
"1","S","ML81547333","4176 Mystic Court","$1,489,000","10","4","3|0","2,306","6,077 SqFt","San Jose","Res. Single Family","39"
"1","P","ML81564194","6126 Via De Las Abejas","$1,480,000","10","5","3|1","2,970","8,064 SqFt","San Jose","Res. Single Family","47"
"1","A","ML81562611","7025 Bret Harte Drive","$1,479,950","28","4","2|0","2,167","8,050 SqFt","San Jose","Res. Single Family","41"
"1","S","ML81519076","1038 Camino Pablo","$1,475,000","16","4","3|0","2,225","6,534 SqFt","San Jose","Res. Single Family","76"
"1","P","ML81561287","1121 S Genevieve Lane","$1,475,000","8","4","3|0","3,024","8,600 SqFt","San Jose","Res. Single Family","53"
"1","A","ML81576933","1250 Fremont Street","$1,475,000","12","3","2|0","1,818","5,354 SqFt","San Jose","Res. Single Family","94"
"1","S","ML81521403","1371 Johnson Avenue","$1,470,000","9","3","2|1","1,525","6,260 SqFt","San Jose","Res. Single Family","49"
"1","P","ML81549744","1059 Mountain Shadows Road","$1,470,000","4","4","2|1","2,825","8,320 SqFt","San Jose","Res. Single Family","35"
"1","A","ML81577511","5527 Greenoak Drive","$1,469,000","8","3","2|0","1,365","7,081 SqFt","San Jose","Res. Single Family","53"
"1","S","ML81550018","6806 Windsor Way","$1,468,000","13","4","2|0","1,704","6,834 SqFt","San Jose","Res. Single Family","58"
"1","P","ML81549283","4985 Castlewood Court","$1,468,000","7","3","2|0","1,328","6,000 SqFt","San Jose","Res. Single Family","55"
"1","S","ML81547613","7027 Anjou Creek Circle","$1,460,000","6","4","2|1","2,574","6,710 SqFt","San Jose","Res. Single Family","42"
"1","S","ML81547927","5026 Brewster Avenue","$1,460,000","11","4","2|0","1,710","6,830 SqFt","San Jose","Res. Single Family","0"
"1","S","ML81549352","2509 Lansford Avenue","$1,460,000","0","4","3|0","3,141","8,189 SqFt","San Jose","Res. Single Family","54"
"1","S","ML81561835","1273 Littman Drive","$1,460,000","9","4","2|1","2,553","12,327 SqFt","San Jose","Res. Single Family","52"
"1","S","ML81516913","6378 Ivy Lane","$1,453,000","7","4","2|0","1,484","5,818 SqFt","San Jose","Res. Single Family","55"
"1","S","ML81521485","1478 Fields Drive","$1,450,000","35","4","2|0","2,000","6,469 SqFt","San Jose","Res. Single Family","58"
"1","S","ML81548524","1363 Spencer Avenue","$1,450,000","26","4","3|0","2,300","7,802 SqFt","San Jose","Res. Single Family","69"
"1","S","ML81561828","2083 Tamie Lane","$1,450,000","9","4","3|0","2,052","6,750 SqFt","San Jose","Res. Single Family","56"
"1","P","ML81562256","7180 Anjou Creek Circle","$1,450,000","15","4","2|1","2,574","8,760 SqFt","San Jose","Res. Single Family","40"
"1","P","ML81564918","6448 Canterbury Court","$1,450,000","17","3","2|0","1,271","5,937 SqFt","San Jose","Res. Single Family","58"
"1","AC","ML81576815","4036 Bouquet Park Lane","$1,450,000","12","5","3|0","2,740","5,963 SqFt","San Jose","Res. Single Family","18"
"1","P","ML81561429","6421 Rolling Meadow Court","$1,449,950","14","5","3|0","3,066","14,810 SqFt","San Jose","Res. Single Family","28"
"1","A","ML81565952","5082 Northlawn Drive","$1,449,000","19","4","3|0","2,144","6,199 SqFt","San Jose","Res. Single Family","58"
"1","A","ML81566383","1638 Salisbury Drive","$1,448,000","15","4","2|1","2,601","6,321 SqFt","San Jose","Res. Single Family","11"
"1","S","ML81548755","5937 Killarney Circle","$1,440,260","14","3","2|1","2,413","6,619 SqFt","San Jose","Res. Single Family","20"
"1","S","ML81520025","4054 Cranford Circle","$1,440,000","29","4","2|1","2,306","6,103 SqFt","San Jose","Res. Single Family","38"
"1","P","ML81565065","969 Yarmouth Way","$1,438,000","10","4","2|1","2,303","8,050 SqFt","San Jose","Res. Single Family","44"
"1","A","ML81564633","1072 Queensbridge Court","$1,435,000","27","4","2|1","2,478","7,150 SqFt","San Jose","Res. Single Family","35"
"1","A","ML81578709","5353 Leigh Avenue","$1,435,000","1","4","3|0","2,092","6,822 SqFt","San Jose","Res. Single Family","58"
"1","AC","ML81563942","7095 Bret Harte Drive","$1,434,888","23","4","2|1","2,300","9,148 SqFt","San Jose","Res. Single Family","41"
"1","S","ML81534922","6621 Mount Hope Drive","$1,434,000","9","4","2|0","1,999","7,971 SqFt","San Jose","Res. Single Family","48"
"1","S","ML81519706","2076 Heather Glen Drive","$1,430,000","8","4","2|1","2,406","3,007 SqFt","San Jose","Res. Single Family","10"
"1","S","ML81520082","3294 Ruffino Lane","$1,430,000","7","5","4|0","3,518","6,317 SqFt","San Jose","Res. Single Family","11"
"1","S","ML81549403","3701 Woodard Court","$1,430,000","9","5","3|1","2,566","4,809 SqFt","San Jose","Res. Single Family","11"
"1","P","ML81562991","1635 Kirk Court","$1,428,000","8","4","2|1","2,584","4,748 SqFt","San Jose","Res. Single Family","11"
"1","S","ML81521408","1795 Kirkmont Drive","$1,427,000","20","4","3|0","1,882","7,956 SqFt","San Jose","Res. Single Family","51"
"1","S","ML81519067","1136 Malone Road","$1,425,000","58","4","3|0","2,318","6,832 SqFt","San Jose","Res. Single Family","74"
"1","S","ML81522804","1513 Foxworthy Avenue","$1,425,000","13","4","3|0","2,227","9,064 SqFt","San Jose","Res. Single Family","60"
"1","S","ML81534544","6612 Mount Wellington Drive","$1,425,000","11","4","2|1","2,323","8,004 SqFt","San Jose","Res. Single Family","48"
"1","S","ML81546949","3262 Trajan Court","$1,425,000","9","5","3|0","2,798","7,407 SqFt","San Jose","Res. Single Family","18"
"1","S","ML81547255","5389 Ligurian Drive","$1,425,000","6","4","3|0","2,682","6,600 SqFt","San Jose","Res. Single Family","20"
"1","S","ML81549699","2387 Mazzaglia Avenue","$1,425,000","8","4","3|0","2,200","9,503 SqFt","San Jose","Res. Single Family","60"
"1","A","ML81564075","1575 Sheffield Avenue","$1,425,000","30","4","3|0","2,149","8,328 SqFt","San Jose","Res. Single Family","53"
"1","A","ML81566623","2231 Nola Drive","$1,425,000","14","5","2|1","2,317","6,240 SqFt","San Jose","Res. Single Family","42"
"1","P","ML81565262","1637 Via Campagna","$1,424,000","11","5","3|0","2,525","3,999 SqFt","San Jose","Res. Single Family","19"
"1","S","ML81519982","1546 Bergerac Drive","$1,420,000","6","4","3|0","2,286","5,135 SqFt","San Jose","Res. Single Family","21"
"1","S","ML81534652","924 Morse Street","$1,410,000","6","3","2|1","2,230","8,579 SqFt","San Jose","Res. Single Family","105"
"1","S","ML81522354","1934 Ashland Way","$1,401,500","8","3","2|0","1,541","7,393 SqFt","San Jose","Res. Single Family","57"
"1","S","ML81521731","3951 Mylinda Drive","$1,400,000","26","5","3|0","3,404","14,009 SqFt","San Jose","Res. Single Family","28"
"1","S","ML81521974","6140 Franciscan Court","$1,400,000","10","4","2|1","2,470","10,312 SqFt","San Jose","Res. Single Family","47"
"1","S","ML81522454","1737 Indigo Oak Lane","$1,400,000","48","5","4|0","3,305","5,630 SqFt","San Jose","Res. Single Family","14"
"1","S","ML81533052","4015 Halkins Drive","$1,400,000","16","4","2|1","2,306","6,326 SqFt","San Jose","Res. Single Family","38"
"1","S","ML81546640","1824 Kirkmont Drive","$1,400,000","11","4","2|1","1,882","9,601 SqFt","San Jose","Res. Single Family","52"
"1","S","ML81546804","14945 Standish Drive","$1,400,000","26","4","2|0","2,031","10,123 SqFt","San Jose","Res. Single Family","66"
"1","S","ML81547583","3266 Pearltone Drive","$1,400,000","8","3","2|1","2,077","8,176 SqFt","San Jose","Res. Single Family","53"
"1","S","ML81548017","4948 capistrano Avenue","$1,400,000","6","3","2|0","1,251","7,072 SqFt","San Jose","Res. Single Family","59"
"1","S","ML81549229","3064 Meadowlands Lane","$1,400,000","9","4","4|0","3,168","15,246 SqFt","San Jose","Res. Single Family","28"
"1","S","ML81550084","1641 Marina Way","$1,400,000","3","4","2|0","1,743","10,350 SqFt","San Jose","Res. Single Family","60"
"1","S","ML81561367","3269 Lynn Oaks Drive","$1,400,000","15","5","2|1","2,242","7,150 SqFt","San Jose","Res. Single Family","53"
"1","S","ML81563231","2442 Booksin Avenue","$1,400,000","10","4","2|1","1,887","6,490 SqFt","San Jose","Res. Single Family","52"
"1","P","ML81564115","2188 Nola Drive","$1,399,995","9","4","2|1","2,105","8,024 SqFt","San Jose","Res. Single Family","48"
"1","P","ML81566419","2338 Price Way","$1,399,900","6","4","2|1","2,050","7,993 SqFt","San Jose","Res. Single Family","55"
"1","P","ML81565903","1831 Thyme Creek","$1,399,888","12","5","4|0","2,484","3,354 SqFt","San Jose","Res. Single Family","3"
"1","S","ML81549158","1151 Carolyn Avenue","$1,399,000","5","3","2|0","1,701","6,840 SqFt","San Jose","Res. Single Family","66"
"1","P","ML81561560","6796 Bret Harte Drive","$1,399,000","10","4","2|0","2,448","8,120 SqFt","San Jose","Res. Single Family","47"
"1","A","ML81576699","3223 Cantada Court","$1,399,000","13","3","2|1","2,655","8,320 SqFt","San Jose","Res. Single Family","19"
"1","A","ML81578057","6528 Little Falls Drive","$1,399,000","5","4","2|1","2,207","9,637 SqFt","San Jose","Res. Single Family","51"
"1","P","ML81563674","5085 Elrose Avenue","$1,398,888","20","4","3|0","2,815","5,998 SqFt","San Jose","Res. Single Family","51"
"1","AC","ML81563560","7023 Burnside Drive","$1,398,888","13","4","2|0","2,073","10,624 SqFt","San Jose","Res. Single Family","37"
"1","A","ML81577251","6511 Rainbow Drive","$1,398,888","0","3","2|0","1,271","6,865 SqFt","San Jose","Res. Single Family","58"
"1","AC","ML81550632","6529 Rainbow Drive","$1,398,000","25","3","2|0","1,271","5,510 SqFt","San Jose","Res. Single Family","58"
"1","A","ML81564539","4547 Camden Avenue","$1,398,000","28","5","4|1","2,419","6,000 SqFt","San Jose","Res. Single Family","57"
"1","AC","ML81562517","3413 Royal Meadow Lane","$1,398,000","21","4","2|1","2,247","12,232 SqFt","San Jose","Res. Single Family","26"
"1","AC","ML81565668","4636 Thornhaven Way","$1,398,000","12","4","2|1","2,489","1.56 Acres","San Jose","Res. Single Family","23"
"1","A","ML81578686","1716 Fabian Drive","$1,398,000","34","4","2|1","2,422","8,446 SqFt","San Jose","Res. Single Family","55"
"1","A","ML81577074","17120 Crothers Road","$1,395,000","11","5","4|1","5,085","5.76 Acres","San Jose","Res. Single Family","55"
"1","S","ML81533627","3110 Florence Park Drive","$1,392,000","18","4","3|0","2,663","4,791 SqFt","San Jose","Res. Single Family","19"
"1","P","ML81563146","2681 Thrasher","$1,388,000","12","4","3|0","2,150","9,912 SqFt","San Jose","Res. Single Family","62"
"1","P","ML81564196","6469 Oakcrest Drive","$1,388,000","7","4","3|0","2,488","9,601 SqFt","San Jose","Res. Single Family","51"
"1","P","ML81565872","1210 Quail Creek Circle","$1,388,000","11","3","3|0","2,372","6,447 SqFt","San Jose","Res. Single Family","29"
"1","S","ML81522614","1556 Creek Drive","$1,385,000","78","4","2|1","1,887","6,300 SqFt","San Jose","Res. Single Family","51"
"1","P","ML81562997","787 Almondwood Way","$1,385,000","7","5","3|0","2,465","8,320 SqFt","San Jose","Res. Single Family","37"
"1","S","ML81577249","5785 Lilac Blossom Lane","$1,385,000","0","5","3|2","2,736","7,888 SqFt","San Jose","Res. Single Family","30"
"1","S","ML81518718","1512 Montellano Drive","$1,380,000","9","4","2|0","2,020","8,401 SqFt","San Jose","Res. Single Family","50"
"1","S","ML81520349","6660 Bollinger Road","$1,380,000","9","3","2|0","1,236","6,534 SqFt","San Jose","Res. Single Family","52"
"1","S","ML81533987","15104 Brewster Avenue","$1,380,000","12","4","2|0","2,311","9,375 SqFt","San Jose","Res. Single Family","66"
"1","S","ML81549683","4110 Cranford Circle","$1,380,000","11","4","2|1","2,161","6,000 SqFt","San Jose","Res. Single Family","39"
"1","S","ML81520560","3006 Magnum Drive","$1,376,000","11","5","3|0","2,862","8,176 SqFt","San Jose","Res. Single Family","24"
"1","P","ML81533975","1519 Rangewood Drive","$1,375,000","123","5","3|1","3,289","6,011 SqFt","San Jose","Res. Single Family","10"
"1","S","ML81545335","1176 FAIRVIEW Avenue","$1,375,000","0","3","2|0","1,776","5,663 SqFt","San Jose","Res. Single Family","87"
"1","S","ML81535078","1365 Whitehurst Court","$1,370,000","31","4","3|0","2,241","6,708 SqFt","San Jose","Res. Single Family","76"
"1","S","ML81519795","7010 Calcaterra Drive","$1,366,000","13","4","2|1","2,536","7,655 SqFt","San Jose","Res. Single Family","41"
"1","S","ML81548338","2425 Fairoak Court","$1,365,000","37","4","2|0","1,618","6,181 SqFt","San Jose","Res. Single Family","56"
"1","S","ML81562943","1718 Peony Lane","$1,365,000","5","5","3|0","2,300","6,600 SqFt","San Jose","Res. Single Family","57"
"1","S","ML81534919","3100 Cortona Drive","$1,360,000","45","5","3|0","2,798","4,677 SqFt","San Jose","Res. Single Family","18"
"1","S","ML81548036","1248 Coolidge Avenue","$1,360,000","11","3","1|1","1,244","8,276 SqFt","San Jose","Res. Single Family","55"
"1","S","ML81550684","1510 Foster Court","$1,360,000","5","3","2|0","1,904","8,320 SqFt","San Jose","Res. Single Family","36"
"1","S","ML81563795","3634 Pleasant Knoll Drive","$1,360,000","11","5","3|1","3,659","11,863 SqFt","San Jose","Res. Single Family","15"
"1","S","ML81521577","756 Portswood Drive","$1,350,000","5","4","2|1","2,316","8,625 SqFt","San Jose","Res. Single Family","36"
"1","S","ML81545866","5236 Roxanne Drive","$1,350,000","10","4","2|0","2,019","6,000 SqFt","San Jose","Res. Single Family","47"
"1","S","ML81545975","1563 Wawona Drive","$1,350,000","9","3","2|0","1,723","8,625 SqFt","San Jose","Res. Single Family","59"
"1","S","ML81547587","1570 Carmel Drive","$1,350,000","9","4","3|0","1,887","6,305 SqFt","San Jose","Res. Single Family","51"
"1","S","ML81547617","3643 Kendra Way","$1,350,000","9","4","2|0","1,720","5,998 SqFt","San Jose","Res. Single Family","56"
"1","S","ML81547689","2493 Verwood Drive","$1,350,000","7","3","2|0","1,412","5,959 SqFt","San Jose","Res. Single Family","52"
"1","P","ML81563156","1129 Kotenberg Avenue","$1,350,000","21","4","3|0","2,453","6,458 SqFt","San Jose","Res. Single Family","11"
"1","A","ML81565579","4061 Cranford Circle","$1,350,000","21","4","2|1","2,161","5,998 SqFt","San Jose","Res. Single Family","39"
"1","A","ML81565991","1042 Carolyn Avenue","$1,350,000","19","3","2|0","1,512","5,519 SqFt","San Jose","Res. Single Family","90"
"1","A","ML81533984","10797 Ridgeview Court","$1,349,000","126","5","4|0","4,000","10,168 SqFt","San Jose","Res. Single Family","27"
"1","A","ML81578283","1131 Dwyer Avenue","$1,349,000","4","4","2|0","2,297","9,266 SqFt","San Jose","Res. Single Family","52"
"1","A","ML81566376","4813 Clydelle Avenue","$1,348,000","15","5","3|0","2,327","7,802 SqFt","San Jose","Res. Single Family","60"
"1","S","ML81550763","1464 Redmond Avenue","$1,343,000","9","4","3|0","2,096","9,200 SqFt","San Jose","Res. Single Family","43"
"1","S","ML81519031","1085 Merle Avenue","$1,335,000","8","3","1|1","1,675","5,816 SqFt","San Jose","Res. Single Family","79"
"1","S","ML81520456","4669 Castlewood Drive","$1,330,000","8","4","2|0","1,569","6,000 SqFt","San Jose","Res. Single Family","56"
"1","S","ML81520880","6524 Bose Lane","$1,330,000","7","4","2|1","2,354","8,538 SqFt","San Jose","Res. Single Family","39"
"1","S","ML81550795","5244 Roxanne Drive","$1,330,000","9","4","2|0","2,051","6,000 SqFt","San Jose","Res. Single Family","47"
"1","A","ML81565905","4009 Halkins Drive","$1,328,000","19","4","3|0","2,161","6,090 SqFt","San Jose","Res. Single Family","39"
"1","S","ML81550865","6446 Berwickshire Way","$1,327,000","9","4","2|1","2,651","6,399 SqFt","San Jose","Res. Single Family","44"
"1","S","ML81546323","5437 Greenside Drive","$1,326,000","13","3","3|0","2,391","14,500 SqFt","San Jose","Res. Single Family","42"
"1","S","ML81519994","745 E William Street","$1,325,000","33","3","3|1","2,462","7,613 SqFt","San Jose","Res. Single Family","92"
"1","S","ML81522817","6021 Burchell Court","$1,325,000","11","4","3|0","2,324","8,900 SqFt","San Jose","Res. Single Family","51"
"1","S","ML81549129","5531 Taft Drive","$1,322,500","15","3","2|0","1,332","7,096 SqFt","San Jose","Res. Single Family","56"
"1","AC","ML81561248","1457 Almaden Valley Drive","$1,318,000","40","4","2|1","2,110","8,581 SqFt","San Jose","Res. Single Family","43"
"1","S","ML81521369","50 Oakmore Drive","$1,315,000","118","5","3|0","3,840","17,155 SqFt","San Jose","Res. Single Family","47"
"1","S","ML81545628","5804 Killarney Circle","$1,315,000","0","3","3|0","2,413","5,001 SqFt","San Jose","Res. Single Family","19"
"1","S","ML81522535","1797 Michon Drive","$1,311,000","4","4","2|0","1,844","10,011 SqFt","San Jose","Res. Single Family","47"
"1","S","ML81520339","2262 Glenkirk Court","$1,310,000","16","4","2|1","1,940","8,834 SqFt","San Jose","Res. Single Family","50"
"1","S","ML81547328","1067 Moongate Place","$1,309,000","14","4","2|1","2,240","8,050 SqFt","San Jose","Res. Single Family","47"
"1","S","ML81546519","2371 Carlton Avenue","$1,305,000","11","3","2|0","1,602","6,970 SqFt","San Jose","Res. Single Family","60"
"1","S","ML81549372","4981 Bel Estos Drive","$1,303,000","6","4","2|0","1,346","6,678 SqFt","San Jose","Res. Single Family","59"
"1","S","ML81563654","3123 Shriver Drive","$1,302,000","5","4","2|1","2,370","7,589 SqFt","San Jose","Res. Single Family","44"
"1","S","ML81549111","6280 Via De Adrianna","$1,301,000","7","4","2|1","1,974","10,428 SqFt","San Jose","Res. Single Family","43"
"1","S","ML81520410","5845 Pistoia Way","$1,300,000","219","4","2|1","2,485","5,000 SqFt","San Jose","Res. Single Family","19"
"1","S","ML81521437","4603 Marbella Court","$1,300,000","22","4","2|1","1,671","4,589 SqFt","San Jose","Res. Single Family","22"
"1","A","ML81545613","4285 Mckinnon Drive","$1,300,000","100","3","2|0","1,239","5,998 SqFt","San Jose","Res. Single Family","55"
"1","S","ML81546007","979 Terra Bella Avenue","$1,300,000","10","3","2|0","1,896","8,282 SqFt","San Jose","Res. Single Family","78"
"1","S","ML81546128","14513 Homerite Drive","$1,300,000","9","5","3|0","2,263","11,232 SqFt","San Jose","Res. Single Family","65"
"1","S","ML81562377","6017 Majorca Court","$1,300,000","6","4","3|0","2,200","8,000 SqFt","San Jose","Res. Single Family","43"
"1","P","ML81545505","6815 Rockview Court","$1,299,000","57","4","2|1","2,760","13,482 SqFt","San Jose","Res. Single Family","39"
"1","P","ML81550263","1305 Hanchett Avenue","$1,299,000","14","3","2|1","2,265","5,600 SqFt","San Jose","Res. Single Family","93"
"1","AC","ML81550626","2088 Ardis Drive","$1,299,000","39","3","2|0","2,215","5,336 SqFt","San Jose","Res. Single Family","66"
"1","P","ML81563357","1518 Quiet Pond Lane","$1,299,000","11","4","3|0","2,711","5,837 SqFt","San Jose","Res. Single Family","12"
"1","P","ML81564650","6146 Calle Esperanza","$1,299,000","8","5","2|1","2,070","7,919 SqFt","San Jose","Res. Single Family","44"
"1","P","ML81565228","1286 Ridley Way","$1,299,000","10","2","2|0","1,412","8,280 SqFt","San Jose","Res. Single Family","61"
"1","P","ML81565335","6767 Heathfield","$1,299,000","5","5","3|0","2,585","8,050 SqFt","San Jose","Res. Single Family","47"
"1","P","ML81566042","4834 Clarendon Drive","$1,299,000","13","3","2|0","1,346","6,242 SqFt","San Jose","Res. Single Family","58"
"1","P","ML81576862","6986 Bret Harte Drive","$1,299,000","0","5","2|1","2,496","8,050 SqFt","San Jose","Res. Single Family","47"
"1","P","ML81566191","5488 Taft Drive","$1,299,000","11","4","2|1","1,769","6,826 SqFt","San Jose","Res. Single Family","56"
"1","A","ML81577742","447 Casa Blanca Drive","$1,299,000","7","3","2|0","1,254","8,002 SqFt","San Jose","Res. Single Family","57"
"1","A","ML81577876","1150 Thornbury Lane","$1,299,000","6","4","3|1","2,905","6,273 SqFt","San Jose","Res. Single Family","12"
"1","A","ML81578010","1578 Monteval Lane","$1,299,000","5","4","2|1","2,013","7,876 SqFt","San Jose","Res. Single Family","51"
"1","A","ML81578041","1129 Andrea Drive","$1,299,000","5","4","3|0","2,199","11,387 SqFt","San Jose","Res. Single Family","54"
"1","P","ML81563830","1941 Borchers Drive","$1,298,888","19","4","2|0","2,484","8,024 SqFt","San Jose","Res. Single Family","63"
"1","A","ML81578720","1754 Cherry Grove Drive","$1,298,000","1","3","2|0","1,693","7,349 SqFt","San Jose","Res. Single Family","59"
"1","AC","ML81549694","1636 Knollwood Avenue","$1,297,000","41","4","2|0","1,783","6,181 SqFt","San Jose","Res. Single Family","55"
"1","A","ML81547641","21420 Fortini Road","$1,295,000","72","3","2|0","1,796","41,382 SqFt","San Jose","Res. Single Family","69"
"1","AC","ML81562180","341 Page Street","$1,290,900","14","4","2|0","2,100","10,156 SqFt","San Jose","Res. Single Family","116"
"1","AC","ML81547914","440 S Genevieve Lane","$1,289,000","23","4","3|0","2,526","9,505 SqFt","San Jose","Res. Single Family","65"
"1","S","ML81522484","4415 Vanderbilt Drive","$1,288,888","11","4","3|0","1,938","6,180 SqFt","San Jose","Res. Single Family","54"
"1","S","ML81533853","3490 Parkland Avenue","$1,288,312","16","4","3|0","2,172","9,690 SqFt","San Jose","Res. Single Family","56"
"1","P","ML81533323","3923 Sophist Drive","$1,288,000","105","5","2|1","3,140","14,431 SqFt","San Jose","Res. Single Family","50"
"1","S","ML81547409","827 Villa Rosa Place","$1,288,000","14","4","2|1","2,646","5,231 SqFt","San Jose","Res. Single Family","12"
"1","AC","ML81563737","1199 CRESCENT Drive","$1,288,000","4","3","1|1","1,430","6,890 SqFt","San Jose","Res. Single Family","74"
"1","A","ML81577580","1057 Huntingdon Drive","$1,288,000","7","3","2|0","1,673","5,994 SqFt","San Jose","Res. Single Family","58"
"1","A","ML81564768","1594 Laurelwood Crossing Place","$1,285,000","27","4","2|1","2,350","6,534 SqFt","San Jose","Res. Single Family","12"
"1","A","ML81577662","3615 Groesbeck Hill Drive","$1,285,000","7","4","3|0","2,880","8,000 SqFt","San Jose","Res. Single Family","29"
"1","S","ML81520815","2748 Valley Oak Court","$1,280,000","9","5","3|1","3,161","4,981 SqFt","San Jose","Res. Single Family","0"
"1","S","ML81519072","1529 Torre Court","$1,280,000","12","4","2|0","1,874","8,874 SqFt","San Jose","Res. Single Family","36"
"1","S","ML81522212","3207 Lakemore Court","$1,280,000","9","4","2|1","2,192","6,396 SqFt","San Jose","Res. Single Family","19"
"1","S","ML81533846","2298 RIORDAN Drive","$1,280,000","10","4","2|0","1,354","6,300 SqFt","San Jose","Res. Single Family","52"
"1","S","ML81547310","1924 Cronwell Drive","$1,280,000","23","3","2|1","1,887","7,446 SqFt","San Jose","Res. Single Family","56"
"1","S","ML81548363","957 Trifone Drive","$1,280,000","17","3","2|1","1,992","7,148 SqFt","San Jose","Res. Single Family","56"
"1","A","ML81563372","3761 Chenlan Court","$1,280,000","35","3","2|1","2,710","9,060 SqFt","San Jose","Res. Single Family","18"
"1","S","ML81534503","21950 Fortini Road","$1,278,000","17","3","2|1","1,988","42,758 SqFt","San Jose","Res. Single Family","65"
"1","P","ML81563166","1540 Larkspur Drive","$1,278,000","9","4","2|0","1,635","10,285 SqFt","San Jose","Res. Single Family","58"
"1","S","ML81518775","13941 Observatory Drive","$1,275,000","24","5","4|0","3,498","1.50 Acres","San Jose","Res. Single Family","25"
"1","S","ML81521239","7072 Anjou Creek Circle","$1,275,000","30","4","2|1","2,574","7,272 SqFt","San Jose","Res. Single Family","41"
"1","S","ML81548725","1414 Brookdale Drive","$1,275,000","8","3","2|1","1,834","8,189 SqFt","San Jose","Res. Single Family","61"
"1","P","ML81561229","6548 Springpath Lane","$1,275,000","30","4","2|0","1,986","7,875 SqFt","San Jose","Res. Single Family","38"
"1","P","ML81564088","1448 Stanton Way","$1,275,000","11","4","3|0","2,234","4,347 SqFt","San Jose","Res. Single Family","23"
"1","S","ML81534661","1744 Valpico Drive","$1,272,500","8","3","2|1","2,029","6,848 SqFt","San Jose","Res. Single Family","54"
"1","S","ML81548693","6418 McAbee Road","$1,272,000","7","4","2|0","2,332","8,050 SqFt","San Jose","Res. Single Family","50"
"1","S","ML81518575","1225 Koch Lane","$1,270,000","9","3","2|0","2,162","9,675 SqFt","San Jose","Res. Single Family","64"
"1","S","ML81517206","1530 Cowper Court","$1,270,000","1","3","2|0","1,904","13,486 SqFt","San Jose","Res. Single Family","35"
"1","S","ML81533151","3896 Mars Court","$1,270,000","11","4","3|0","2,552","16,072 SqFt","San Jose","Res. Single Family","16"
"1","S","ML81533157","1097 Phelps Avenue","$1,270,000","20","5","3|0","2,199","6,493 SqFt","San Jose","Res. Single Family","53"
"1","S","ML81561557","1520 Bird Avenue","$1,270,000","3","4","2|1","2,160","6,650 SqFt","San Jose","Res. Single Family","47"
"1","S","ML81561582","1636 Wheatley Place","$1,268,000","5","4","3|0","2,417","6,710 SqFt","San Jose","Res. Single Family","15"
"1","S","ML81547251","628 Galen Drive","$1,262,800","7","5","3|0","2,576","8,118 SqFt","San Jose","Res. Single Family","48"
"1","S","ML81545218","6067 Knoll Park Court","$1,255,000","7","4","2|1","2,014","8,395 SqFt","San Jose","Res. Single Family","42"
"1","S","ML81563154","1670 Cherry Grove Drive","$1,255,000","8","3","3|0","2,343","7,350 SqFt","San Jose","Res. Single Family","59"
"1","S","ML81519467","1272 Martin Avenue","$1,250,000","56","4","3|0","2,272","7,000 SqFt","San Jose","Res. Single Family","99"
"1","S","ML81520965","1937 Borchers Drive","$1,250,000","10","3","2|0","1,846","8,199 SqFt","San Jose","Res. Single Family","60"
"1","S","ML81533626","14879 Elton Drive","$1,250,000","15","3","2|0","1,905","9,375 SqFt","San Jose","Res. Single Family","65"
"1","S","ML81534021","1633 Fairorchard Avenue","$1,250,000","19","4","2|0","1,656","6,489 SqFt","San Jose","Res. Single Family","55"
"1","P","ML81546169","5779 Capilano Drive","$1,250,000","9","6","4|1","3,293","6,778 SqFt","San Jose","Res. Single Family","19"
"1","S","ML81550451","1119 Pine Avenue","$1,250,000","7","3","2|0","1,979","6,891 SqFt","San Jose","Res. Single Family","81"
"1","S","ML81550787","6192 Silberman Drive","$1,250,000","10","4","2|1","2,153","7,370 SqFt","San Jose","Res. Single Family","44"
"1","S","ML81561543","4751 Eastus Drive","$1,250,000","25","4","2|0","1,721","5,861 SqFt","San Jose","Res. Single Family","52"
"1","A","ML81562416","3333 BEL MIRA Drive","$1,250,000","40","4","3|0","2,040","5,200 SqFt","San Jose","Res. Single Family","19"
"1","P","ML81565235","3337 Villa Contessa Court","$1,250,000","11","4","3|1","2,873","4,234 SqFt","San Jose","Res. Single Family","11"
"1","P","ML81565296","6579 Gardenoak Court","$1,250,000","7","5","2|1","2,177","6,996 SqFt","San Jose","Res. Single Family","37"
"1","A","ML81577798","2437 Booksin Avenue","$1,250,000","6","4","2|0","1,656","6,180 SqFt","San Jose","Res. Single Family","56"
"1","A","ML81578055","6587 Alta Paseo Court","$1,250,000","5","5","3|0","2,450","7,906 SqFt","San Jose","Res. Single Family","37"
"1","A","ML81578370","1688 Isabel Drive","$1,250,000","2","5","3|0","2,247","8,712 SqFt","San Jose","Res. Single Family","59"
"1","A","ML81578601","1354 Trestlewood Lane","$1,250,000","1","5","3|0","2,810","3,916 SqFt","San Jose","Res. Single Family","12"
"1","P","ML81562945","1570 Alisal Avenue","$1,249,000","14","5","3|0","1,880","6,181 SqFt","San Jose","Res. Single Family","53"
"1","P","ML81563002","5064 Kingston Way","$1,249,000","10","3","2|0","1,597","6,330 SqFt","San Jose","Res. Single Family","56"
"1","P","ML81563527","5954 Allen Avenue","$1,249,000","6","5","3|1","3,864","5,885 SqFt","San Jose","Res. Single Family","14"
"1","AC","ML81564780","6052 Cecala Drive","$1,249,000","17","5","3|0","2,234","8,320 SqFt","San Jose","Res. Single Family","44"
"1","P","ML81565253","1622 Montemar Way","$1,249,000","14","4","2|1","1,751","6,499 SqFt","San Jose","Res. Single Family","60"
"1","A","ML81576840","4660 Blanco Drive","$1,249,000","13","3","2|0","1,341","7,318 SqFt","San Jose","Res. Single Family","52"
"1","P","ML81564992","1910 Castro Drive","$1,248,888","15","3","2|0","1,333","5,998 SqFt","San Jose","Res. Single Family","49"
"1","S","ML81546115","531 Falcon Place","$1,248,000","6","4","2|1","2,391","3,141 SqFt","San Jose","Res. Single Family","9"
"1","P","ML81562137","1234 Naglee Avenue","$1,248,000","18","3","1|0","1,460","12,369 SqFt","San Jose","Res. Single Family","84"
"1","A","ML81549267","5257 Manderston Drive","$1,245,000","63","3","2|1","2,005","3,049 SqFt","San Jose","Res. Single Family","17"
"1","AC","ML81549776","5463 Manderston Drive","$1,245,000","48","4","3|0","2,213","4,835 SqFt","San Jose","Res. Single Family","18"
"1","S","ML81533707","1382 Medallion Drive","$1,240,000","34","5","3|0","2,340","7,841 SqFt","San Jose","Res. Single Family","40"
"1","A","ML81577379","4790 Bannock Circle","$1,239,888","8","3","2|0","1,045","5,994 SqFt","San Jose","Res. Single Family","54"
"1","S","ML81518812","1613 Collingwood Avenue","$1,235,000","82","2","2|0","1,506","6,089 SqFt","San Jose","Res. Single Family","62"
"1","S","ML81535039","5102 El Roble Court","$1,235,000","10","4","2|0","1,937","6,233 SqFt","San Jose","Res. Single Family","47"
"1","A","ML81578625","1586 Calle De Stuarda","$1,235,000","1","4","2|0","1,780","5,998 SqFt","San Jose","Res. Single Family","41"
"1","S","ML81521759","5235 Harwood Road","$1,230,000","11","5","3|0","2,074","6,576 SqFt","San Jose","Res. Single Family","46"
"1","S","ML81545999","4720 Torrey Pines Circle","$1,230,000","9","3","3|0","2,079","2,339 SqFt","San Jose","Res. Single Family","9"
"1","AC","ML81550058","1362 Mckendrie Street","$1,230,000","35","4","4|0","2,000","4,487 SqFt","San Jose","Res. Single Family","0"
"1","A","ML81565284","5852 Pistoia Way","$1,230,000","18","2","2|0","1,875","5,001 SqFt","San Jose","Res. Single Family","20"
"1","A","ML81577634","430 Belmont Avenue","$1,228,888","7","3","3|0","1,729","6,070 SqFt","San Jose","Res. Single Family","96"
"1","S","ML81551160","1728 Topeka","$1,227,000","9","3","2|0","1,891","6,750 SqFt","San Jose","Res. Single Family","75"
"1","S","ML81519665","847 Jansen Avenue","$1,225,000","16","3","2|1","1,581","7,573 SqFt","San Jose","Res. Single Family","47"
"1","S","ML81546442","1767 Willowhurst Avenue","$1,225,000","54","3","2|0","1,906","7,000 SqFt","San Jose","Res. Single Family","76"
"1","S","ML81548314","1577 Ilikai Avenue","$1,225,000","10","3","2|0","1,614","6,039 SqFt","San Jose","Res. Single Family","41"
"1","S","ML81549739","961 Leo Drive","$1,225,000","10","3","2|0","1,440","6,238 SqFt","San Jose","Res. Single Family","59"
"1","S","ML81561861","4469 Desin Drive","$1,225,000","9","4","3|0","2,124","5,933 SqFt","San Jose","Res. Single Family","33"
